<?xml version="1.0" encoding="utf-8"?>
<!DOCTYPE article PUBLIC "-//NLM//DTD JATS (Z39.96) Journal Archiving
and Interchange DTD v1.2 20190208//EN" "JATS-archivearticle1.dtd">
<article xmlns:mml="http://www.w3.org/1998/Math/MathML" xmlns:xlink="http://www.w3.org/1999/xlink" dtd-version="1.2" article-type="other">
  <front>
    <article-meta>
      <title-group>
        <article-title>Environmental impact of utilities</article-title>
      </title-group>
      <contrib-group>
        <contrib contrib-type="author">
          <name>
            <surname>Brouwer</surname>
            <given-names>Stan</given-names>
          </name>
          <string-name>Stan Brouwer</string-name>
          <xref ref-type="aff" rid="aff-1">a</xref>
        </contrib>
      </contrib-group>
      <aff id="aff-1">
        <institution-wrap>
          <institution>CapGemeni Office Solutions</institution>
        </institution-wrap>
      </aff>
      <history/>
    </article-meta>
  </front>
  <body>
    <p>With the recent focus on sustainability and net-zero by 2024,
important business decisions have to be made. To make these decisions,
we need to know our current environmental impact. This report models the
enivronmental impact of utilities, assuming gas, power and solar. The
numbers are based on typical residential building, but numbers for an
office can easily be plugged in.</p>
    <sec id="utility-consumption">
      <title>Utility consumption</title>
      <p>Assuming the following usage pattern:</p>
      <fig id="fig-utility">
        <caption>
          <p>Figure 1: Assumed utility usage. Note that energy meters
    measure net flow, and thus gross solar and power might
    differ.</p>
        </caption>
        <graphic mimetype="image" mime-subtype="png" xlink:href="index_files/figure-jats/fig-utility-1.png"/>
      </fig>
      <p>Details</p>
      <table-wrap>
        <table id="tbl-utility">
          <thead>
            <tr>
              <th align="left">Date</th>
              <th align="right">Gas (m³)</th>
              <th align="right">Electricity Usage (kWh)</th>
              <th align="right">Solar (kWh)</th>
            </tr>
          </thead>
          <tbody>
            <tr>
              <td align="left">2025-01-01</td>
              <td align="right">126.0</td>
              <td align="right">180.0</td>
              <td align="right">40.6</td>
            </tr>
            <tr>
              <td align="left">2024-12-01</td>
              <td align="right">107.0</td>
              <td align="right">202.0</td>
              <td align="right">15.4</td>
            </tr>
            <tr>
              <td align="left">2024-11-01</td>
              <td align="right">86.9</td>
              <td align="right">201.0</td>
              <td align="right">58.4</td>
            </tr>
            <tr>
              <td align="left">2024-10-01</td>
              <td align="right">33.8</td>
              <td align="right">153.0</td>
              <td align="right">123.0</td>
            </tr>
            <tr>
              <td align="left">2024-09-01</td>
              <td align="right">8.2</td>
              <td align="right">120.0</td>
              <td align="right">191.0</td>
            </tr>
            <tr>
              <td align="left">2024-08-01</td>
              <td align="right">8.1</td>
              <td align="right">102.0</td>
              <td align="right">286.0</td>
            </tr>
            <tr>
              <td align="left">2024-07-01</td>
              <td align="right">9.2</td>
              <td align="right">91.5</td>
              <td align="right">292.0</td>
            </tr>
            <tr>
              <td align="left">2024-06-01</td>
              <td align="right">9.7</td>
              <td align="right">115.0</td>
              <td align="right">264.0</td>
            </tr>
            <tr>
              <td align="left">2024-05-01</td>
              <td align="right">7.9</td>
              <td align="right">131.0</td>
              <td align="right">300.0</td>
            </tr>
            <tr>
              <td align="left">2024-04-01</td>
              <td align="right">42.8</td>
              <td align="right">141.0</td>
              <td align="right">209.0</td>
            </tr>
            <tr>
              <td align="left">2024-03-01</td>
              <td align="right">60.9</td>
              <td align="right">147.0</td>
              <td align="right">155.0</td>
            </tr>
            <tr>
              <td align="left">2024-02-01</td>
              <td align="right">116.0</td>
              <td align="right">236.0</td>
              <td align="right">77.0</td>
            </tr>
            <tr>
              <td align="left">2024-01-01</td>
              <td align="right">162.0</td>
              <td align="right">258.0</td>
              <td align="right">32.0</td>
            </tr>
            <tr>
              <td align="left">2023-12-01</td>
              <td align="right">144.0</td>
              <td align="right">232.0</td>
              <td align="right">38.0</td>
            </tr>
            <tr>
              <td align="left">2023-11-01</td>
              <td align="right">41.0</td>
              <td align="right">182.0</td>
              <td align="right">67.0</td>
            </tr>
            <tr>
              <td align="left">2023-10-01</td>
              <td align="right">14.0</td>
              <td align="right">124.0</td>
              <td align="right">113.0</td>
            </tr>
            <tr>
              <td align="left">2023-09-01</td>
              <td align="right">7.0</td>
              <td align="right">72.0</td>
              <td align="right">243.0</td>
            </tr>
            <tr>
              <td align="left">2023-08-01</td>
              <td align="right">10.0</td>
              <td align="right">57.0</td>
              <td align="right">286.0</td>
            </tr>
            <tr>
              <td align="left">2023-07-01</td>
              <td align="right">17.0</td>
              <td align="right">126.0</td>
              <td align="right">266.0</td>
            </tr>
            <tr>
              <td align="left">2023-06-01</td>
              <td align="right">20.0</td>
              <td align="right">101.0</td>
              <td align="right">364.0</td>
            </tr>
            <tr>
              <td align="left">2023-05-01</td>
              <td align="right">33.0</td>
              <td align="right">116.0</td>
              <td align="right">320.0</td>
            </tr>
            <tr>
              <td align="left">2023-04-01</td>
              <td align="right">77.0</td>
              <td align="right">161.0</td>
              <td align="right">232.0</td>
            </tr>
            <tr>
              <td align="left">2023-03-01</td>
              <td align="right">124.0</td>
              <td align="right">216.0</td>
              <td align="right">135.0</td>
            </tr>
            <tr>
              <td align="left">2023-02-01</td>
              <td align="right">116.0</td>
              <td align="right">236.0</td>
              <td align="right">77.0</td>
            </tr>
            <tr>
              <td align="left">2023-01-01</td>
              <td align="right">162.0</td>
              <td align="right">258.0</td>
              <td align="right">32.0</td>
            </tr>
            <tr>
              <td align="left">2022-12-01</td>
              <td align="right">130.0</td>
              <td align="right">232.0</td>
              <td align="right">38.0</td>
            </tr>
            <tr>
              <td align="left">2022-11-01</td>
              <td align="right">41.0</td>
              <td align="right">182.0</td>
              <td align="right">67.0</td>
            </tr>
            <tr>
              <td align="left">2022-10-01</td>
              <td align="right">24.0</td>
              <td align="right">197.0</td>
              <td align="right">120.0</td>
            </tr>
            <tr>
              <td align="left">2022-09-01</td>
              <td align="right">20.0</td>
              <td align="right">158.0</td>
              <td align="right">195.0</td>
            </tr>
            <tr>
              <td align="left">2022-08-01</td>
              <td align="right">12.0</td>
              <td align="right">136.0</td>
              <td align="right">319.0</td>
            </tr>
            <tr>
              <td align="left">2022-07-01</td>
              <td align="right">17.0</td>
              <td align="right">109.0</td>
              <td align="right">301.0</td>
            </tr>
            <tr>
              <td align="left">2022-06-01</td>
              <td align="right">24.0</td>
              <td align="right">130.0</td>
              <td align="right">310.0</td>
            </tr>
            <tr>
              <td align="left">2022-05-01</td>
              <td align="right">34.0</td>
              <td align="right">116.0</td>
              <td align="right">325.0</td>
            </tr>
            <tr>
              <td align="left">2022-04-01</td>
              <td align="right">65.0</td>
              <td align="right">136.0</td>
              <td align="right">276.0</td>
            </tr>
            <tr>
              <td align="left">2022-03-01</td>
              <td align="right">85.0</td>
              <td align="right">183.0</td>
              <td align="right">253.0</td>
            </tr>
            <tr>
              <td align="left">2022-02-01</td>
              <td align="right">126.0</td>
              <td align="right">229.0</td>
              <td align="right">92.0</td>
            </tr>
            <tr>
              <td align="left">2022-01-01</td>
              <td align="right">141.0</td>
              <td align="right">282.0</td>
              <td align="right">27.0</td>
            </tr>
          </tbody>
        </table>
      </table-wrap>
    </sec>
    <sec id="emissions-of-energy-production">
      <title>Emissions of energy production</title>
      <p>To quantify and compare the warming effects of different kind of
  emissions, the IPPC proposes using the
  <ext-link ext-link-type="uri" xlink:href="https://archive.ipcc.ch/ipccreports/tar/wg1/247.htm#:~:text=The%20GWP%20has%20been%20defined,reference%20gas%20(IPCC%2C%20l990)%3A">Global
  Warming Potential</ext-link> (GWP), which can be used to express the
  warming effect of different emissions to that of CO₂. To calculate our
  total emissions, we must first determine the emissions caused by the
  energy production.</p>
      <sec id="electricity">
        <title>Electricity</title>
        <p>The emissions of electricity production depends on the source of
    the energy, which changes minute-by-minute. During day, a lot of
    green solar power is generated, and during peaks, gas turbines kick
    in. Exact information on the current national energy mix is
    <ext-link ext-link-type="uri" xlink:href="https://ned.nl/nl/dataportaal/energie-productie/elektriciteit/totale-elektriciteitsproductie">publicly
    available</ext-link>.
    <ext-link ext-link-type="uri" xlink:href="https://ember-energy.org/data/electricity-data-explorer/#data-tool">Ember-energy</ext-link>
    calculates the CO₂ emissions based on the energy mix, and has an API
    (email required) which provides the following numbers:</p>
        <p>See also:
    https://www.cbs.nl/-/media/_excel/2023/06/1-co2-emissie-energieverbruik-rendementen-elektriciteit-2021.xls</p>
        <fig id="fig-energy-intensity">
          <caption>
            <p>Figure 2: CO₂ emissions of the dutch energy production
      over time</p>
          </caption>
          <graphic mimetype="image" mime-subtype="png" xlink:href="index_files/figure-jats/fig-energy-intensity-1.png"/>
        </fig>
        <p>To calculate the emissions caused by our energy consumption, we
    should account for the differing CO₂ emissions as follows:</p>
        <p><disp-formula><alternatives><tex-math><![CDATA[
    \text{CO}_2  = \sum_{i=1}^{n} E_i \times F_i 
    ]]></tex-math><mml:math xmlns:mml="http://www.w3.org/1998/Math/MathML" display="block"><mml:mrow><mml:msub><mml:mtext mathvariant="normal">CO</mml:mtext><mml:mn>2</mml:mn></mml:msub><mml:mo>=</mml:mo><mml:munderover><mml:mo>∑</mml:mo><mml:mrow><mml:mi>i</mml:mi><mml:mo>=</mml:mo><mml:mn>1</mml:mn></mml:mrow><mml:mi>n</mml:mi></mml:munderover><mml:msub><mml:mi>E</mml:mi><mml:mi>i</mml:mi></mml:msub><mml:mo>×</mml:mo><mml:msub><mml:mi>F</mml:mi><mml:mi>i</mml:mi></mml:msub></mml:mrow></mml:math></alternatives></disp-formula>
    With <inline-formula><alternatives><tex-math><![CDATA[\text{CO}_2]]></tex-math><mml:math xmlns:mml="http://www.w3.org/1998/Math/MathML" display="inline"><mml:msub><mml:mtext mathvariant="normal">CO</mml:mtext><mml:mn>2</mml:mn></mml:msub></mml:math></alternatives></inline-formula>
    is the total produced CO₂ in grams,
    <inline-formula><alternatives><tex-math><![CDATA[E_i]]></tex-math><mml:math xmlns:mml="http://www.w3.org/1998/Math/MathML" display="inline"><mml:msub><mml:mi>E</mml:mi><mml:mi>i</mml:mi></mml:msub></mml:math></alternatives></inline-formula>
    the electricity usage for month <inline-formula><alternatives><tex-math><![CDATA[i]]></tex-math><mml:math xmlns:mml="http://www.w3.org/1998/Math/MathML" display="inline"><mml:mi>i</mml:mi></mml:math></alternatives></inline-formula>
    in kWh,
    <inline-formula><alternatives><tex-math><![CDATA[F_i]]></tex-math><mml:math xmlns:mml="http://www.w3.org/1998/Math/MathML" display="inline"><mml:msub><mml:mi>F</mml:mi><mml:mi>i</mml:mi></mml:msub></mml:math></alternatives></inline-formula>
    the emissions intensity in <inline-formula><alternatives><tex-math><![CDATA[g CO₂/kWh]]></tex-math><mml:math xmlns:mml="http://www.w3.org/1998/Math/MathML" display="inline"><mml:mrow><mml:mi>g</mml:mi><mml:mi>C</mml:mi><mml:mi>O</mml:mi><mml:mi>₂</mml:mi><mml:mi>/</mml:mi><mml:mi>k</mml:mi><mml:mi>W</mml:mi><mml:mi>h</mml:mi></mml:mrow></mml:math></alternatives></inline-formula>
    for that specific month <inline-formula><alternatives><tex-math><![CDATA[i]]></tex-math><mml:math xmlns:mml="http://www.w3.org/1998/Math/MathML" display="inline"><mml:mi>i</mml:mi></mml:math></alternatives></inline-formula>.</p>
      </sec>
      <sec id="gas">
        <title>Gas</title>
        <p>Calculating the exact emissions caused by gas production is
    somewhat more complex as gas distributors measure the gas-usage as
    volume (m³) which is dependent on the temperature, pressure and
    <ext-link ext-link-type="uri" xlink:href="https://eduweb.eeni.tbm.tudelft.nl/TB141E/?aardgas-conversie">gas
    mix</ext-link>, all of which are subject to change. Gas distributors
    solve this by multiply the measured volume with a correction value
    to determine the caloric value of the consumed gas (also see
    <ext-link ext-link-type="uri" xlink:href="https://eduweb.eeni.tbm.tudelft.nl/TB141E/?aardgas-conversie">wobbe
    index</ext-link>). These corrections can be found on the final
    invoice.</p>
        <p>The Netherlands Enterprise Agency (RVO) has calculated the
    <ext-link ext-link-type="uri" xlink:href="https://www.rvo.nl/sites/default/files/2023-10/CO2-emissiefactor-aardgas-Nederlandse-rapportage-en-ETS-%202023.pdf">emission
    factor</ext-link> for natural gas to be <bold>56.34 kg CO₂ per
    GJ</bold> of energy. This only includes the emissions caused by
    burning the gas, not from producing it. The exact number differs by
    ±2% per year due to differences in the national gas mix, for
    instance through higher LNG imports.</p>
        <p>The CBS
    <ext-link ext-link-type="uri" xlink:href="https://www.cbs.nl/nl-nl/onze-diensten/methoden/begrippen/joule">reports</ext-link>
    that <bold>1 GJ of natural gas corresponds to 31.6 m³</bold>, thus
    we can calculate the emissions per m³ as follows:</p>
        <p>
          <disp-formula>
            <alternatives>
              <tex-math><![CDATA[
    \frac{56.34 \text{ kg}}{\text{GJ}}
    ]]></tex-math>
              <mml:math xmlns:mml="http://www.w3.org/1998/Math/MathML" display="block">
                <mml:mfrac>
                  <mml:mrow>
                    <mml:mn>56.34</mml:mn>
                    <mml:mrow>
                      <mml:mspace width="0.333em"/>
                      <mml:mtext mathvariant="normal"> kg</mml:mtext>
                    </mml:mrow>
                  </mml:mrow>
                  <mml:mtext mathvariant="normal">GJ</mml:mtext>
                </mml:mfrac>
              </mml:math>
            </alternatives>
          </disp-formula>
        </p>
        <p>Since</p>
        <p><disp-formula><alternatives><tex-math><![CDATA[
    1 \text{ GJ} = 31.6 \text{ m}^3
    ]]></tex-math><mml:math xmlns:mml="http://www.w3.org/1998/Math/MathML" display="block"><mml:mrow><mml:mn>1</mml:mn><mml:mrow><mml:mspace width="0.333em"/><mml:mtext mathvariant="normal"> GJ</mml:mtext></mml:mrow><mml:mo>=</mml:mo><mml:mn>31.6</mml:mn><mml:msup><mml:mrow><mml:mspace width="0.333em"/><mml:mtext mathvariant="normal"> m</mml:mtext></mml:mrow><mml:mn>3</mml:mn></mml:msup></mml:mrow></mml:math></alternatives></disp-formula>
    we can compute:</p>
        <p>
          <disp-formula>
            <alternatives>
              <tex-math><![CDATA[
    \frac{56.34}{31.6} \text{ kg/m}^3
    ]]></tex-math>
              <mml:math xmlns:mml="http://www.w3.org/1998/Math/MathML" display="block">
                <mml:mrow>
                  <mml:mfrac>
                    <mml:mn>56.34</mml:mn>
                    <mml:mn>31.6</mml:mn>
                  </mml:mfrac>
                  <mml:msup>
                    <mml:mrow>
                      <mml:mspace width="0.333em"/>
                      <mml:mtext mathvariant="normal"> kg/m</mml:mtext>
                    </mml:mrow>
                    <mml:mn>3</mml:mn>
                  </mml:msup>
                </mml:mrow>
              </mml:math>
            </alternatives>
          </disp-formula>
        </p>
        <p>which simplifies to:</p>
        <p>
          <disp-formula>
            <alternatives>
              <tex-math><![CDATA[
    1.78 \text{ kg CO}_2 \text{ per m}^3
    ]]></tex-math>
              <mml:math xmlns:mml="http://www.w3.org/1998/Math/MathML" display="block">
                <mml:mrow>
                  <mml:mn>1.78</mml:mn>
                  <mml:msub>
                    <mml:mrow>
                      <mml:mspace width="0.333em"/>
                      <mml:mtext mathvariant="normal"> kg CO</mml:mtext>
                    </mml:mrow>
                    <mml:mn>2</mml:mn>
                  </mml:msub>
                  <mml:msup>
                    <mml:mrow>
                      <mml:mspace width="0.333em"/>
                      <mml:mtext mathvariant="normal"> per m</mml:mtext>
                    </mml:mrow>
                    <mml:mn>3</mml:mn>
                  </mml:msup>
                </mml:mrow>
              </mml:math>
            </alternatives>
          </disp-formula>
        </p>
        <p>As the deviations for the emissions of the gas mix are ~2%, we
    simplify the calculation by not accounting for them.</p>
      </sec>
    </sec>
    <sec id="calculations">
      <title>Calculations</title>
      <p>From the emission factors per energy type the final formula can be
  determined:</p>
      <p><disp-formula><alternatives><tex-math><![CDATA[
  \text{CO}_2 = \left( \sum_{i=1}^{n} E_i \times F_i \right) + \left( G \times 1,78 \right)
  ]]></tex-math><mml:math xmlns:mml="http://www.w3.org/1998/Math/MathML" display="block"><mml:mrow><mml:msub><mml:mtext mathvariant="normal">CO</mml:mtext><mml:mn>2</mml:mn></mml:msub><mml:mo>=</mml:mo><mml:mrow><mml:mo stretchy="true" form="prefix">(</mml:mo><mml:munderover><mml:mo>∑</mml:mo><mml:mrow><mml:mi>i</mml:mi><mml:mo>=</mml:mo><mml:mn>1</mml:mn></mml:mrow><mml:mi>n</mml:mi></mml:munderover><mml:msub><mml:mi>E</mml:mi><mml:mi>i</mml:mi></mml:msub><mml:mo>×</mml:mo><mml:msub><mml:mi>F</mml:mi><mml:mi>i</mml:mi></mml:msub><mml:mo stretchy="true" form="postfix">)</mml:mo></mml:mrow><mml:mo>+</mml:mo><mml:mrow><mml:mo stretchy="true" form="prefix">(</mml:mo><mml:mi>G</mml:mi><mml:mo>×</mml:mo><mml:mn>1</mml:mn><mml:mo>,</mml:mo><mml:mn>78</mml:mn><mml:mo stretchy="true" form="postfix">)</mml:mo></mml:mrow></mml:mrow></mml:math></alternatives></disp-formula>
  With <inline-formula><alternatives><tex-math><![CDATA[\text{CO}_2]]></tex-math><mml:math xmlns:mml="http://www.w3.org/1998/Math/MathML" display="inline"><mml:msub><mml:mtext mathvariant="normal">CO</mml:mtext><mml:mn>2</mml:mn></mml:msub></mml:math></alternatives></inline-formula>
  as the total produced CO₂ in grams,
  <inline-formula><alternatives><tex-math><![CDATA[E_i]]></tex-math><mml:math xmlns:mml="http://www.w3.org/1998/Math/MathML" display="inline"><mml:msub><mml:mi>E</mml:mi><mml:mi>i</mml:mi></mml:msub></mml:math></alternatives></inline-formula>
  the electricity usage for month <inline-formula><alternatives><tex-math><![CDATA[i]]></tex-math><mml:math xmlns:mml="http://www.w3.org/1998/Math/MathML" display="inline"><mml:mi>i</mml:mi></mml:math></alternatives></inline-formula>
  in kWh,
  <inline-formula><alternatives><tex-math><![CDATA[F_i]]></tex-math><mml:math xmlns:mml="http://www.w3.org/1998/Math/MathML" display="inline"><mml:msub><mml:mi>F</mml:mi><mml:mi>i</mml:mi></mml:msub></mml:math></alternatives></inline-formula>
  the emissions intensity in <inline-formula><alternatives><tex-math><![CDATA[kg CO₂/kWh]]></tex-math><mml:math xmlns:mml="http://www.w3.org/1998/Math/MathML" display="inline"><mml:mrow><mml:mi>k</mml:mi><mml:mi>g</mml:mi><mml:mi>C</mml:mi><mml:mi>O</mml:mi><mml:mi>₂</mml:mi><mml:mi>/</mml:mi><mml:mi>k</mml:mi><mml:mi>W</mml:mi><mml:mi>h</mml:mi></mml:mrow></mml:math></alternatives></inline-formula>
  for that specific month <inline-formula><alternatives><tex-math><![CDATA[i]]></tex-math><mml:math xmlns:mml="http://www.w3.org/1998/Math/MathML" display="inline"><mml:mi>i</mml:mi></mml:math></alternatives></inline-formula>.
  <inline-formula><alternatives><tex-math><![CDATA[G]]></tex-math><mml:math xmlns:mml="http://www.w3.org/1998/Math/MathML" display="inline"><mml:mi>G</mml:mi></mml:math></alternatives></inline-formula>
  the total gas usage in m³</p>
      <p>Plugging our usage data into this formula gives us the following
  emissions:</p>
      <fig id="fig-emissions">
        <caption>
          <p>Figure 3: Monthly CO₂ Emissions from Energy and
    Gas</p>
        </caption>
        <graphic mimetype="image" mime-subtype="png" xlink:href="index_files/figure-jats/fig-emissions-1.png"/>
      </fig>
      <table-wrap>
        <table>
          <thead>
            <tr>
              <th align="center">year</th>
              <th align="center">Gas emissions (kg CO₂)</th>
              <th align="center">Electricity emissions (kg CO₂)</th>
              <th align="center">Total emissions (kg CO₂)</th>
            </tr>
          </thead>
          <tbody>
            <tr>
              <td align="center">2022</td>
              <td align="center">1279.82</td>
              <td align="center">721.12</td>
              <td align="center">2000.94</td>
            </tr>
            <tr>
              <td align="center">2023</td>
              <td align="center">1361.70</td>
              <td align="center">551.89</td>
              <td align="center">1913.59</td>
            </tr>
            <tr>
              <td align="center">2024</td>
              <td align="center">970.99</td>
              <td align="center">452.84</td>
              <td align="center">1423.83</td>
            </tr>
          </tbody>
        </table>
      </table-wrap>
      <p>Details</p>
      <table-wrap>
        <table id="tbl-emissions">
          <thead>
            <tr>
              <th align="left">date</th>
              <th align="right">Electricity</th>
              <th align="right">Gas</th>
              <th align="right">total</th>
              <th align="left">year</th>
            </tr>
          </thead>
          <tbody>
            <tr>
              <td align="left">2024-11-01</td>
              <td align="right">68.62542</td>
              <td align="right">154.682</td>
              <td align="right">223.30742</td>
              <td align="left">2024</td>
            </tr>
            <tr>
              <td align="left">2024-10-01</td>
              <td align="right">48.07719</td>
              <td align="right">60.164</td>
              <td align="right">108.24119</td>
              <td align="left">2024</td>
            </tr>
            <tr>
              <td align="left">2024-09-01</td>
              <td align="right">30.03240</td>
              <td align="right">14.596</td>
              <td align="right">44.62840</td>
              <td align="left">2024</td>
            </tr>
            <tr>
              <td align="left">2024-08-01</td>
              <td align="right">23.54670</td>
              <td align="right">14.418</td>
              <td align="right">37.96470</td>
              <td align="left">2024</td>
            </tr>
            <tr>
              <td align="left">2024-07-01</td>
              <td align="right">18.37869</td>
              <td align="right">16.376</td>
              <td align="right">34.75469</td>
              <td align="left">2024</td>
            </tr>
            <tr>
              <td align="left">2024-06-01</td>
              <td align="right">23.69920</td>
              <td align="right">17.266</td>
              <td align="right">40.96520</td>
              <td align="left">2024</td>
            </tr>
            <tr>
              <td align="left">2024-05-01</td>
              <td align="right">31.56969</td>
              <td align="right">14.062</td>
              <td align="right">45.63169</td>
              <td align="left">2024</td>
            </tr>
            <tr>
              <td align="left">2024-04-01</td>
              <td align="right">29.12778</td>
              <td align="right">76.184</td>
              <td align="right">105.31178</td>
              <td align="left">2024</td>
            </tr>
            <tr>
              <td align="left">2024-03-01</td>
              <td align="right">40.34709</td>
              <td align="right">108.402</td>
              <td align="right">148.74909</td>
              <td align="left">2024</td>
            </tr>
            <tr>
              <td align="left">2024-02-01</td>
              <td align="right">63.42028</td>
              <td align="right">206.480</td>
              <td align="right">269.90028</td>
              <td align="left">2024</td>
            </tr>
            <tr>
              <td align="left">2024-01-01</td>
              <td align="right">76.01712</td>
              <td align="right">288.360</td>
              <td align="right">364.37712</td>
              <td align="left">2024</td>
            </tr>
            <tr>
              <td align="left">2023-12-01</td>
              <td align="right">65.73720</td>
              <td align="right">256.320</td>
              <td align="right">322.05720</td>
              <td align="left">2023</td>
            </tr>
            <tr>
              <td align="left">2023-11-01</td>
              <td align="right">51.36404</td>
              <td align="right">72.980</td>
              <td align="right">124.34404</td>
              <td align="left">2023</td>
            </tr>
            <tr>
              <td align="left">2023-10-01</td>
              <td align="right">34.19300</td>
              <td align="right">24.920</td>
              <td align="right">59.11300</td>
              <td align="left">2023</td>
            </tr>
            <tr>
              <td align="left">2023-09-01</td>
              <td align="right">20.16000</td>
              <td align="right">12.460</td>
              <td align="right">32.62000</td>
              <td align="left">2023</td>
            </tr>
            <tr>
              <td align="left">2023-08-01</td>
              <td align="right">14.96307</td>
              <td align="right">17.800</td>
              <td align="right">32.76307</td>
              <td align="left">2023</td>
            </tr>
            <tr>
              <td align="left">2023-07-01</td>
              <td align="right">26.62884</td>
              <td align="right">30.260</td>
              <td align="right">56.88884</td>
              <td align="left">2023</td>
            </tr>
            <tr>
              <td align="left">2023-06-01</td>
              <td align="right">22.32100</td>
              <td align="right">35.600</td>
              <td align="right">57.92100</td>
              <td align="left">2023</td>
            </tr>
            <tr>
              <td align="left">2023-05-01</td>
              <td align="right">27.99544</td>
              <td align="right">58.740</td>
              <td align="right">86.73544</td>
              <td align="left">2023</td>
            </tr>
            <tr>
              <td align="left">2023-04-01</td>
              <td align="right">48.38694</td>
              <td align="right">137.060</td>
              <td align="right">185.44694</td>
              <td align="left">2023</td>
            </tr>
            <tr>
              <td align="left">2023-03-01</td>
              <td align="right">68.77440</td>
              <td align="right">220.720</td>
              <td align="right">289.49440</td>
              <td align="left">2023</td>
            </tr>
            <tr>
              <td align="left">2023-02-01</td>
              <td align="right">85.97480</td>
              <td align="right">206.480</td>
              <td align="right">292.45480</td>
              <td align="left">2023</td>
            </tr>
            <tr>
              <td align="left">2023-01-01</td>
              <td align="right">85.39542</td>
              <td align="right">288.360</td>
              <td align="right">373.75542</td>
              <td align="left">2023</td>
            </tr>
            <tr>
              <td align="left">2022-12-01</td>
              <td align="right">89.38264</td>
              <td align="right">231.400</td>
              <td align="right">320.78264</td>
              <td align="left">2022</td>
            </tr>
            <tr>
              <td align="left">2022-11-01</td>
              <td align="right">58.34738</td>
              <td align="right">72.980</td>
              <td align="right">131.32738</td>
              <td align="left">2022</td>
            </tr>
            <tr>
              <td align="left">2022-10-01</td>
              <td align="right">67.56115</td>
              <td align="right">42.720</td>
              <td align="right">110.28115</td>
              <td align="left">2022</td>
            </tr>
            <tr>
              <td align="left">2022-09-01</td>
              <td align="right">60.91374</td>
              <td align="right">35.600</td>
              <td align="right">96.51374</td>
              <td align="left">2022</td>
            </tr>
            <tr>
              <td align="left">2022-08-01</td>
              <td align="right">48.43504</td>
              <td align="right">21.360</td>
              <td align="right">69.79504</td>
              <td align="left">2022</td>
            </tr>
            <tr>
              <td align="left">2022-07-01</td>
              <td align="right">37.03166</td>
              <td align="right">30.260</td>
              <td align="right">67.29166</td>
              <td align="left">2022</td>
            </tr>
            <tr>
              <td align="left">2022-06-01</td>
              <td align="right">42.82070</td>
              <td align="right">42.720</td>
              <td align="right">85.54070</td>
              <td align="left">2022</td>
            </tr>
            <tr>
              <td align="left">2022-05-01</td>
              <td align="right">32.15056</td>
              <td align="right">60.520</td>
              <td align="right">92.67056</td>
              <td align="left">2022</td>
            </tr>
            <tr>
              <td align="left">2022-04-01</td>
              <td align="right">42.86040</td>
              <td align="right">115.700</td>
              <td align="right">158.56040</td>
              <td align="left">2022</td>
            </tr>
            <tr>
              <td align="left">2022-03-01</td>
              <td align="right">66.65775</td>
              <td align="right">151.300</td>
              <td align="right">217.95775</td>
              <td align="left">2022</td>
            </tr>
            <tr>
              <td align="left">2022-02-01</td>
              <td align="right">66.27718</td>
              <td align="right">224.280</td>
              <td align="right">290.55718</td>
              <td align="left">2022</td>
            </tr>
            <tr>
              <td align="left">2022-01-01</td>
              <td align="right">108.68562</td>
              <td align="right">250.980</td>
              <td align="right">359.66562</td>
              <td align="left">2022</td>
            </tr>
          </tbody>
        </table>
      </table-wrap>
      <p>If real estate occupancy rate, area or any other measure is known,
  calculating the carbon footprint per person, workspace or area is
  trivial.</p>
    </sec>
    <sec id="concerns">
      <title>Concerns</title>
      <p>Clearly, the current calculations only accounts for the direct
  emissions caused by burning gas, or from producing electricity. (scope
  1&amp;2 emissions). Producing and transporting gas and electricity
  also has a significant impact on the environment.</p>
      <p>Furthermore, solar panels return electricity into the grid. How
  should they be accounted for?</p>
    </sec>
  </body>
  <back>
</back>
  <sub-article article-type="notebook" id="nb-3-nb-article">
    <front-stub>
      <title-group>
        <article-title>Environmental impact of utilities</article-title>
      </title-group>
      <contrib-group>
        <contrib contrib-type="author">
          <name>
            <surname>Brouwer</surname>
            <given-names>Stan</given-names>
          </name>
          <string-name>Stan Brouwer</string-name>
          <xref ref-type="aff" rid="aff-1-nb-article">a</xref>
        </contrib>
      </contrib-group>
      <aff id="aff-1-nb-article">
        <institution-wrap>
          <institution>CapGemeni Office Solutions</institution>
        </institution-wrap>
      </aff>
    </front-stub>
    <body>
      <sec id="nb-code-cell-1-nb-article" specific-use="notebook-code">
        <code language="r script"># Clear workspace and load dependencies (install if necessary)
rm(list = ls())

install_and_load &lt;- function(packages) {
  install.packages(setdiff(packages, rownames(installed.packages())), dependencies = TRUE)
  invisible(lapply(packages, require, character.only = TRUE))
}
install_and_load(c("tidyverse", "ggplot2", "plotly", "knitr", "kableExtra"))</code>
        <sec id="nb-code-cell-1-output-0-nb-article" specific-use="notebook-output">
          <preformat>Loading required package: tidyverse</preformat>
        </sec>
        <sec id="nb-code-cell-1-output-1-nb-article" specific-use="notebook-output">
          <preformat>── Attaching core tidyverse packages ──────────────────────── tidyverse 2.0.0 ──
✔ dplyr     1.1.4     ✔ readr     2.1.5
✔ forcats   1.0.0     ✔ stringr   1.5.1
✔ ggplot2   3.5.1     ✔ tibble    3.2.1
✔ lubridate 1.9.3     ✔ tidyr     1.3.1
✔ purrr     1.0.2     
── Conflicts ────────────────────────────────────────── tidyverse_conflicts() ──
✖ dplyr::filter() masks stats::filter()
✖ dplyr::lag()    masks stats::lag()
ℹ Use the conflicted package (&lt;http://conflicted.r-lib.org/&gt;) to force all conflicts to become errors
Loading required package: plotly


Attaching package: 'plotly'


The following object is masked from 'package:ggplot2':

    last_plot


The following object is masked from 'package:stats':

    filter


The following object is masked from 'package:graphics':

    layout


Loading required package: knitr</preformat>
        </sec>
        <sec id="nb-code-cell-1-output-2-nb-article" specific-use="notebook-output">
          <preformat>Warning: package 'knitr' was built under R version 4.3.3</preformat>
        </sec>
        <sec id="nb-code-cell-1-output-3-nb-article" specific-use="notebook-output">
          <preformat>Loading required package: kableExtra

Attaching package: 'kableExtra'

The following object is masked from 'package:dplyr':

    group_rows</preformat>
        </sec>
      </sec>
      <p>With the recent focus on sustainability and net-zero by 2024,
important business decisions have to be made. To make these decisions,
we need to know our current environmental impact. This report models the
enivronmental impact of utilities, assuming gas, power and solar. The
numbers are based on typical residential building, but numbers for an
office can easily be plugged in.</p>
      <sec id="utility-consumption-nb-article">
        <title>Utility consumption</title>
        <p>Assuming the following usage pattern:</p>
        <sec id="cell-fig-utility-nb-article" specific-use="notebook-code">
          <code language="r script"># Load utility data
data_utilities &lt;- read.csv("data/utilities.csv", sep=";", dec=",")

# Date format handling
data_utilities$date &lt;- as.Date(paste0("01-", data_utilities$date), format = "%d-%m-%Y")

# Plot
library(ggplot2)

ggplot(data_utilities, aes(x = date)) +
  geom_line(aes(y = Gas, color = "Gas (m³)"), linewidth = 1) +
  geom_line(aes(y = Solar, color = "Solar (kWh)"), linewidth = 1) +
  geom_line(aes(y = Energy, color = "Electricity Usage (kWh)"), linewidth = 1) +
  labs(x = "Date",
       y = "Usage (kWh or m³)",
       color = "Utility Type") +
  theme(
    legend.position = "top",
    legend.justification = "center"
  )</code>
          <fig id="fig-utility-nb-article">
            <caption>
              <p>Figure 1: Assumed utility usage. Note that energy meters
    measure net flow, and thus gross solar and power might
    differ.</p>
            </caption>
            <graphic mimetype="image" mime-subtype="png" xlink:href="index_files/figure-jats/fig-utility-1.png"/>
          </fig>
        </sec>
        <p>Details</p>
        <sec id="tbl-utility-nb-article" specific-use="notebook-code">
          <code language="r script"># Output table
knitr::kable(data_utilities, 
              col.names = c("Date", "Gas (m³)", "Electricity Usage (kWh)", "Solar (kWh)"),
              format = "html")</code>
          <table-wrap>
            <table>
              <thead>
                <tr>
                  <th align="left">Date</th>
                  <th align="right">Gas (m³)</th>
                  <th align="right">Electricity Usage (kWh)</th>
                  <th align="right">Solar (kWh)</th>
                </tr>
              </thead>
              <tbody>
                <tr>
                  <td align="left">2025-01-01</td>
                  <td align="right">126.0</td>
                  <td align="right">180.0</td>
                  <td align="right">40.6</td>
                </tr>
                <tr>
                  <td align="left">2024-12-01</td>
                  <td align="right">107.0</td>
                  <td align="right">202.0</td>
                  <td align="right">15.4</td>
                </tr>
                <tr>
                  <td align="left">2024-11-01</td>
                  <td align="right">86.9</td>
                  <td align="right">201.0</td>
                  <td align="right">58.4</td>
                </tr>
                <tr>
                  <td align="left">2024-10-01</td>
                  <td align="right">33.8</td>
                  <td align="right">153.0</td>
                  <td align="right">123.0</td>
                </tr>
                <tr>
                  <td align="left">2024-09-01</td>
                  <td align="right">8.2</td>
                  <td align="right">120.0</td>
                  <td align="right">191.0</td>
                </tr>
                <tr>
                  <td align="left">2024-08-01</td>
                  <td align="right">8.1</td>
                  <td align="right">102.0</td>
                  <td align="right">286.0</td>
                </tr>
                <tr>
                  <td align="left">2024-07-01</td>
                  <td align="right">9.2</td>
                  <td align="right">91.5</td>
                  <td align="right">292.0</td>
                </tr>
                <tr>
                  <td align="left">2024-06-01</td>
                  <td align="right">9.7</td>
                  <td align="right">115.0</td>
                  <td align="right">264.0</td>
                </tr>
                <tr>
                  <td align="left">2024-05-01</td>
                  <td align="right">7.9</td>
                  <td align="right">131.0</td>
                  <td align="right">300.0</td>
                </tr>
                <tr>
                  <td align="left">2024-04-01</td>
                  <td align="right">42.8</td>
                  <td align="right">141.0</td>
                  <td align="right">209.0</td>
                </tr>
                <tr>
                  <td align="left">2024-03-01</td>
                  <td align="right">60.9</td>
                  <td align="right">147.0</td>
                  <td align="right">155.0</td>
                </tr>
                <tr>
                  <td align="left">2024-02-01</td>
                  <td align="right">116.0</td>
                  <td align="right">236.0</td>
                  <td align="right">77.0</td>
                </tr>
                <tr>
                  <td align="left">2024-01-01</td>
                  <td align="right">162.0</td>
                  <td align="right">258.0</td>
                  <td align="right">32.0</td>
                </tr>
                <tr>
                  <td align="left">2023-12-01</td>
                  <td align="right">144.0</td>
                  <td align="right">232.0</td>
                  <td align="right">38.0</td>
                </tr>
                <tr>
                  <td align="left">2023-11-01</td>
                  <td align="right">41.0</td>
                  <td align="right">182.0</td>
                  <td align="right">67.0</td>
                </tr>
                <tr>
                  <td align="left">2023-10-01</td>
                  <td align="right">14.0</td>
                  <td align="right">124.0</td>
                  <td align="right">113.0</td>
                </tr>
                <tr>
                  <td align="left">2023-09-01</td>
                  <td align="right">7.0</td>
                  <td align="right">72.0</td>
                  <td align="right">243.0</td>
                </tr>
                <tr>
                  <td align="left">2023-08-01</td>
                  <td align="right">10.0</td>
                  <td align="right">57.0</td>
                  <td align="right">286.0</td>
                </tr>
                <tr>
                  <td align="left">2023-07-01</td>
                  <td align="right">17.0</td>
                  <td align="right">126.0</td>
                  <td align="right">266.0</td>
                </tr>
                <tr>
                  <td align="left">2023-06-01</td>
                  <td align="right">20.0</td>
                  <td align="right">101.0</td>
                  <td align="right">364.0</td>
                </tr>
                <tr>
                  <td align="left">2023-05-01</td>
                  <td align="right">33.0</td>
                  <td align="right">116.0</td>
                  <td align="right">320.0</td>
                </tr>
                <tr>
                  <td align="left">2023-04-01</td>
                  <td align="right">77.0</td>
                  <td align="right">161.0</td>
                  <td align="right">232.0</td>
                </tr>
                <tr>
                  <td align="left">2023-03-01</td>
                  <td align="right">124.0</td>
                  <td align="right">216.0</td>
                  <td align="right">135.0</td>
                </tr>
                <tr>
                  <td align="left">2023-02-01</td>
                  <td align="right">116.0</td>
                  <td align="right">236.0</td>
                  <td align="right">77.0</td>
                </tr>
                <tr>
                  <td align="left">2023-01-01</td>
                  <td align="right">162.0</td>
                  <td align="right">258.0</td>
                  <td align="right">32.0</td>
                </tr>
                <tr>
                  <td align="left">2022-12-01</td>
                  <td align="right">130.0</td>
                  <td align="right">232.0</td>
                  <td align="right">38.0</td>
                </tr>
                <tr>
                  <td align="left">2022-11-01</td>
                  <td align="right">41.0</td>
                  <td align="right">182.0</td>
                  <td align="right">67.0</td>
                </tr>
                <tr>
                  <td align="left">2022-10-01</td>
                  <td align="right">24.0</td>
                  <td align="right">197.0</td>
                  <td align="right">120.0</td>
                </tr>
                <tr>
                  <td align="left">2022-09-01</td>
                  <td align="right">20.0</td>
                  <td align="right">158.0</td>
                  <td align="right">195.0</td>
                </tr>
                <tr>
                  <td align="left">2022-08-01</td>
                  <td align="right">12.0</td>
                  <td align="right">136.0</td>
                  <td align="right">319.0</td>
                </tr>
                <tr>
                  <td align="left">2022-07-01</td>
                  <td align="right">17.0</td>
                  <td align="right">109.0</td>
                  <td align="right">301.0</td>
                </tr>
                <tr>
                  <td align="left">2022-06-01</td>
                  <td align="right">24.0</td>
                  <td align="right">130.0</td>
                  <td align="right">310.0</td>
                </tr>
                <tr>
                  <td align="left">2022-05-01</td>
                  <td align="right">34.0</td>
                  <td align="right">116.0</td>
                  <td align="right">325.0</td>
                </tr>
                <tr>
                  <td align="left">2022-04-01</td>
                  <td align="right">65.0</td>
                  <td align="right">136.0</td>
                  <td align="right">276.0</td>
                </tr>
                <tr>
                  <td align="left">2022-03-01</td>
                  <td align="right">85.0</td>
                  <td align="right">183.0</td>
                  <td align="right">253.0</td>
                </tr>
                <tr>
                  <td align="left">2022-02-01</td>
                  <td align="right">126.0</td>
                  <td align="right">229.0</td>
                  <td align="right">92.0</td>
                </tr>
                <tr>
                  <td align="left">2022-01-01</td>
                  <td align="right">141.0</td>
                  <td align="right">282.0</td>
                  <td align="right">27.0</td>
                </tr>
              </tbody>
            </table>
          </table-wrap>
        </sec>
      </sec>
      <sec id="emissions-of-energy-production-nb-article">
        <title>Emissions of energy production</title>
        <p>To quantify and compare the warming effects of different kind of
  emissions, the IPPC proposes using the
  <ext-link ext-link-type="uri" xlink:href="https://archive.ipcc.ch/ipccreports/tar/wg1/247.htm#:~:text=The%20GWP%20has%20been%20defined,reference%20gas%20(IPCC%2C%20l990)%3A">Global
  Warming Potential</ext-link> (GWP), which can be used to express the
  warming effect of different emissions to that of CO₂. To calculate our
  total emissions, we must first determine the emissions caused by the
  energy production.</p>
        <sec id="electricity-nb-article">
          <title>Electricity</title>
          <p>The emissions of electricity production depends on the source of
    the energy, which changes minute-by-minute. During day, a lot of
    green solar power is generated, and during peaks, gas turbines kick
    in. Exact information on the current national energy mix is
    <ext-link ext-link-type="uri" xlink:href="https://ned.nl/nl/dataportaal/energie-productie/elektriciteit/totale-elektriciteitsproductie">publicly
    available</ext-link>.
    <ext-link ext-link-type="uri" xlink:href="https://ember-energy.org/data/electricity-data-explorer/#data-tool">Ember-energy</ext-link>
    calculates the CO₂ emissions based on the energy mix, and has an API
    (email required) which provides the following numbers:</p>
          <p>See also:
    https://www.cbs.nl/-/media/_excel/2023/06/1-co2-emissie-energieverbruik-rendementen-elektriciteit-2021.xls</p>
          <sec id="cell-fig-energy-intensity-nb-article" specific-use="notebook-code">
            <code language="r script"># Energy Intensity data
# ember-energy requires an API key. This script will look for the existence of energy_intensity.csv, and otherwise requires an API key to fetch new data. 
API_KEY &lt;- "YOUR-API-KEY"

# Check if the file 'energy_data.csv' exists
if (file.exists("data/energy_intensity.csv")) {
  # print("File 'energy_intensity.csv' already exists.")
  data_energy_intensity &lt;- read.csv("data/energy_intensity.csv")
} else if (API_KEY == "YOUR-API-KEY") {
  print("No valid ember-energy API key")
} else {
  # Requesting the energy intensity data
  # Define the URL and the parameters
  url &lt;- "https://api.ember-energy.org/v1/carbon-intensity/monthly"
  params &lt;- list(
    entity = "Netherlands", 
    start_date = "2022-01", 
    include_all_dates_value_range = "false",
    api_key = API_KEY
  )
  library(httr)
  library(jsonlite)

  # Send the GET request
  response &lt;- GET(url, query = params, add_headers("accept" = "application/json"))

  # Convert teh response to JSON
  data &lt;- content(response, as = "text")
  data_json &lt;- fromJSON(data)

  # Check if the JSON contains data or an error
  if (length(data_json$data) == 0) {
    print("Something went wrong with the API request: No data found in 'data_json$data'.")
  } else {
    energy &lt;- as.data.frame(data_json$data)
    data_energy_intensity &lt;- data.frame(
      date = energy$date,
      emissions_intensity_gco2_per_kwh = energy$emissions_intensity_gco2_per_kwh
    )
    
    # As energy_intensity.csv does not exist, we save the data
    write.csv(data_energy_intensity, "data/energy_intensity.csv")
  }
}


# Ensure 'date' is in Date format
data_energy_intensity$date &lt;- as.Date(data_energy_intensity$date)


# Plot
ggplot(data_energy_intensity, aes(x = date, y = emissions_intensity_gco2_per_kwh)) +
  geom_line(color = "blue", linewidth = 1) +
  labs(
    x = "Date",
    y = expression("Emissions Intensity (g CO"[2] ~ "/ kWh)")
  )</code>
            <fig id="fig-energy-intensity-nb-article">
              <caption>
                <p>Figure 2: CO₂ emissions of the dutch energy production
      over time</p>
              </caption>
              <graphic mimetype="image" mime-subtype="png" xlink:href="index_files/figure-jats/fig-energy-intensity-1.png"/>
            </fig>
          </sec>
          <p>To calculate the emissions caused by our energy consumption, we
    should account for the differing CO₂ emissions as follows:</p>
          <p><disp-formula><alternatives><tex-math><![CDATA[
    \text{CO}_2  = \sum_{i=1}^{n} E_i \times F_i 
    ]]></tex-math><mml:math xmlns:mml="http://www.w3.org/1998/Math/MathML" display="block"><mml:mrow><mml:msub><mml:mtext mathvariant="normal">CO</mml:mtext><mml:mn>2</mml:mn></mml:msub><mml:mo>=</mml:mo><mml:munderover><mml:mo>∑</mml:mo><mml:mrow><mml:mi>i</mml:mi><mml:mo>=</mml:mo><mml:mn>1</mml:mn></mml:mrow><mml:mi>n</mml:mi></mml:munderover><mml:msub><mml:mi>E</mml:mi><mml:mi>i</mml:mi></mml:msub><mml:mo>×</mml:mo><mml:msub><mml:mi>F</mml:mi><mml:mi>i</mml:mi></mml:msub></mml:mrow></mml:math></alternatives></disp-formula>
    With <inline-formula><alternatives><tex-math><![CDATA[\text{CO}_2]]></tex-math><mml:math xmlns:mml="http://www.w3.org/1998/Math/MathML" display="inline"><mml:msub><mml:mtext mathvariant="normal">CO</mml:mtext><mml:mn>2</mml:mn></mml:msub></mml:math></alternatives></inline-formula>
    is the total produced CO₂ in grams,
    <inline-formula><alternatives><tex-math><![CDATA[E_i]]></tex-math><mml:math xmlns:mml="http://www.w3.org/1998/Math/MathML" display="inline"><mml:msub><mml:mi>E</mml:mi><mml:mi>i</mml:mi></mml:msub></mml:math></alternatives></inline-formula>
    the electricity usage for month <inline-formula><alternatives><tex-math><![CDATA[i]]></tex-math><mml:math xmlns:mml="http://www.w3.org/1998/Math/MathML" display="inline"><mml:mi>i</mml:mi></mml:math></alternatives></inline-formula>
    in kWh,
    <inline-formula><alternatives><tex-math><![CDATA[F_i]]></tex-math><mml:math xmlns:mml="http://www.w3.org/1998/Math/MathML" display="inline"><mml:msub><mml:mi>F</mml:mi><mml:mi>i</mml:mi></mml:msub></mml:math></alternatives></inline-formula>
    the emissions intensity in <inline-formula><alternatives><tex-math><![CDATA[g CO₂/kWh]]></tex-math><mml:math xmlns:mml="http://www.w3.org/1998/Math/MathML" display="inline"><mml:mrow><mml:mi>g</mml:mi><mml:mi>C</mml:mi><mml:mi>O</mml:mi><mml:mi>₂</mml:mi><mml:mi>/</mml:mi><mml:mi>k</mml:mi><mml:mi>W</mml:mi><mml:mi>h</mml:mi></mml:mrow></mml:math></alternatives></inline-formula>
    for that specific month <inline-formula><alternatives><tex-math><![CDATA[i]]></tex-math><mml:math xmlns:mml="http://www.w3.org/1998/Math/MathML" display="inline"><mml:mi>i</mml:mi></mml:math></alternatives></inline-formula>.</p>
        </sec>
        <sec id="gas-nb-article">
          <title>Gas</title>
          <p>Calculating the exact emissions caused by gas production is
    somewhat more complex as gas distributors measure the gas-usage as
    volume (m³) which is dependent on the temperature, pressure and
    <ext-link ext-link-type="uri" xlink:href="https://eduweb.eeni.tbm.tudelft.nl/TB141E/?aardgas-conversie">gas
    mix</ext-link>, all of which are subject to change. Gas distributors
    solve this by multiply the measured volume with a correction value
    to determine the caloric value of the consumed gas (also see
    <ext-link ext-link-type="uri" xlink:href="https://eduweb.eeni.tbm.tudelft.nl/TB141E/?aardgas-conversie">wobbe
    index</ext-link>). These corrections can be found on the final
    invoice.</p>
          <p>The Netherlands Enterprise Agency (RVO) has calculated the
    <ext-link ext-link-type="uri" xlink:href="https://www.rvo.nl/sites/default/files/2023-10/CO2-emissiefactor-aardgas-Nederlandse-rapportage-en-ETS-%202023.pdf">emission
    factor</ext-link> for natural gas to be <bold>56.34 kg CO₂ per
    GJ</bold> of energy. This only includes the emissions caused by
    burning the gas, not from producing it. The exact number differs by
    ±2% per year due to differences in the national gas mix, for
    instance through higher LNG imports.</p>
          <p>The CBS
    <ext-link ext-link-type="uri" xlink:href="https://www.cbs.nl/nl-nl/onze-diensten/methoden/begrippen/joule">reports</ext-link>
    that <bold>1 GJ of natural gas corresponds to 31.6 m³</bold>, thus
    we can calculate the emissions per m³ as follows:</p>
          <p>
            <disp-formula>
              <alternatives>
                <tex-math><![CDATA[
    \frac{56.34 \text{ kg}}{\text{GJ}}
    ]]></tex-math>
                <mml:math xmlns:mml="http://www.w3.org/1998/Math/MathML" display="block">
                  <mml:mfrac>
                    <mml:mrow>
                      <mml:mn>56.34</mml:mn>
                      <mml:mrow>
                        <mml:mspace width="0.333em"/>
                        <mml:mtext mathvariant="normal"> kg</mml:mtext>
                      </mml:mrow>
                    </mml:mrow>
                    <mml:mtext mathvariant="normal">GJ</mml:mtext>
                  </mml:mfrac>
                </mml:math>
              </alternatives>
            </disp-formula>
          </p>
          <p>Since</p>
          <p><disp-formula><alternatives><tex-math><![CDATA[
    1 \text{ GJ} = 31.6 \text{ m}^3
    ]]></tex-math><mml:math xmlns:mml="http://www.w3.org/1998/Math/MathML" display="block"><mml:mrow><mml:mn>1</mml:mn><mml:mrow><mml:mspace width="0.333em"/><mml:mtext mathvariant="normal"> GJ</mml:mtext></mml:mrow><mml:mo>=</mml:mo><mml:mn>31.6</mml:mn><mml:msup><mml:mrow><mml:mspace width="0.333em"/><mml:mtext mathvariant="normal"> m</mml:mtext></mml:mrow><mml:mn>3</mml:mn></mml:msup></mml:mrow></mml:math></alternatives></disp-formula>
    we can compute:</p>
          <p>
            <disp-formula>
              <alternatives>
                <tex-math><![CDATA[
    \frac{56.34}{31.6} \text{ kg/m}^3
    ]]></tex-math>
                <mml:math xmlns:mml="http://www.w3.org/1998/Math/MathML" display="block">
                  <mml:mrow>
                    <mml:mfrac>
                      <mml:mn>56.34</mml:mn>
                      <mml:mn>31.6</mml:mn>
                    </mml:mfrac>
                    <mml:msup>
                      <mml:mrow>
                        <mml:mspace width="0.333em"/>
                        <mml:mtext mathvariant="normal"> kg/m</mml:mtext>
                      </mml:mrow>
                      <mml:mn>3</mml:mn>
                    </mml:msup>
                  </mml:mrow>
                </mml:math>
              </alternatives>
            </disp-formula>
          </p>
          <p>which simplifies to:</p>
          <p>
            <disp-formula>
              <alternatives>
                <tex-math><![CDATA[
    1.78 \text{ kg CO}_2 \text{ per m}^3
    ]]></tex-math>
                <mml:math xmlns:mml="http://www.w3.org/1998/Math/MathML" display="block">
                  <mml:mrow>
                    <mml:mn>1.78</mml:mn>
                    <mml:msub>
                      <mml:mrow>
                        <mml:mspace width="0.333em"/>
                        <mml:mtext mathvariant="normal"> kg CO</mml:mtext>
                      </mml:mrow>
                      <mml:mn>2</mml:mn>
                    </mml:msub>
                    <mml:msup>
                      <mml:mrow>
                        <mml:mspace width="0.333em"/>
                        <mml:mtext mathvariant="normal"> per m</mml:mtext>
                      </mml:mrow>
                      <mml:mn>3</mml:mn>
                    </mml:msup>
                  </mml:mrow>
                </mml:math>
              </alternatives>
            </disp-formula>
          </p>
          <p>As the deviations for the emissions of the gas mix are ~2%, we
    simplify the calculation by not accounting for them.</p>
        </sec>
      </sec>
      <sec id="calculations-nb-article">
        <title>Calculations</title>
        <p>From the emission factors per energy type the final formula can be
  determined:</p>
        <p><disp-formula><alternatives><tex-math><![CDATA[
  \text{CO}_2 = \left( \sum_{i=1}^{n} E_i \times F_i \right) + \left( G \times 1,78 \right)
  ]]></tex-math><mml:math xmlns:mml="http://www.w3.org/1998/Math/MathML" display="block"><mml:mrow><mml:msub><mml:mtext mathvariant="normal">CO</mml:mtext><mml:mn>2</mml:mn></mml:msub><mml:mo>=</mml:mo><mml:mrow><mml:mo stretchy="true" form="prefix">(</mml:mo><mml:munderover><mml:mo>∑</mml:mo><mml:mrow><mml:mi>i</mml:mi><mml:mo>=</mml:mo><mml:mn>1</mml:mn></mml:mrow><mml:mi>n</mml:mi></mml:munderover><mml:msub><mml:mi>E</mml:mi><mml:mi>i</mml:mi></mml:msub><mml:mo>×</mml:mo><mml:msub><mml:mi>F</mml:mi><mml:mi>i</mml:mi></mml:msub><mml:mo stretchy="true" form="postfix">)</mml:mo></mml:mrow><mml:mo>+</mml:mo><mml:mrow><mml:mo stretchy="true" form="prefix">(</mml:mo><mml:mi>G</mml:mi><mml:mo>×</mml:mo><mml:mn>1</mml:mn><mml:mo>,</mml:mo><mml:mn>78</mml:mn><mml:mo stretchy="true" form="postfix">)</mml:mo></mml:mrow></mml:mrow></mml:math></alternatives></disp-formula>
  With <inline-formula><alternatives><tex-math><![CDATA[\text{CO}_2]]></tex-math><mml:math xmlns:mml="http://www.w3.org/1998/Math/MathML" display="inline"><mml:msub><mml:mtext mathvariant="normal">CO</mml:mtext><mml:mn>2</mml:mn></mml:msub></mml:math></alternatives></inline-formula>
  as the total produced CO₂ in grams,
  <inline-formula><alternatives><tex-math><![CDATA[E_i]]></tex-math><mml:math xmlns:mml="http://www.w3.org/1998/Math/MathML" display="inline"><mml:msub><mml:mi>E</mml:mi><mml:mi>i</mml:mi></mml:msub></mml:math></alternatives></inline-formula>
  the electricity usage for month <inline-formula><alternatives><tex-math><![CDATA[i]]></tex-math><mml:math xmlns:mml="http://www.w3.org/1998/Math/MathML" display="inline"><mml:mi>i</mml:mi></mml:math></alternatives></inline-formula>
  in kWh,
  <inline-formula><alternatives><tex-math><![CDATA[F_i]]></tex-math><mml:math xmlns:mml="http://www.w3.org/1998/Math/MathML" display="inline"><mml:msub><mml:mi>F</mml:mi><mml:mi>i</mml:mi></mml:msub></mml:math></alternatives></inline-formula>
  the emissions intensity in <inline-formula><alternatives><tex-math><![CDATA[kg CO₂/kWh]]></tex-math><mml:math xmlns:mml="http://www.w3.org/1998/Math/MathML" display="inline"><mml:mrow><mml:mi>k</mml:mi><mml:mi>g</mml:mi><mml:mi>C</mml:mi><mml:mi>O</mml:mi><mml:mi>₂</mml:mi><mml:mi>/</mml:mi><mml:mi>k</mml:mi><mml:mi>W</mml:mi><mml:mi>h</mml:mi></mml:mrow></mml:math></alternatives></inline-formula>
  for that specific month <inline-formula><alternatives><tex-math><![CDATA[i]]></tex-math><mml:math xmlns:mml="http://www.w3.org/1998/Math/MathML" display="inline"><mml:mi>i</mml:mi></mml:math></alternatives></inline-formula>.
  <inline-formula><alternatives><tex-math><![CDATA[G]]></tex-math><mml:math xmlns:mml="http://www.w3.org/1998/Math/MathML" display="inline"><mml:mi>G</mml:mi></mml:math></alternatives></inline-formula>
  the total gas usage in m³</p>
        <p>Plugging our usage data into this formula gives us the following
  emissions:</p>
        <sec id="cell-fig-emissions-nb-article" specific-use="notebook-code">
          <code language="r script"># Merge datasets by date
data_emissions &lt;- data_utilities %&gt;%
  inner_join(data_energy_intensity, by = "date") %&gt;%
  mutate(
    Electricity = (Energy * emissions_intensity_gco2_per_kwh) / 1000,  # Convert g to kg
    Gas = Gas * 1.78  # kg CO2 per m³
  ) %&gt;%
  select(date, Electricity, Gas)  # Keep relevant columns

# Convert to long format for ggplot
data_emissions_long &lt;- data_emissions %&gt;%
  pivot_longer(cols = c(Electricity, Gas), 
               names_to = "Source", values_to = "Emissions")

if (knitr::is_html_output()) {
  # Interactive Stacked Area Plot (HTML)
ggplot(data_emissions_long, aes(x = date, y = Emissions, fill = Source)) +
  geom_area(alpha = 0.6) +  # Stacked area plot
  labs(
    x = "Date",
    y = expression("CO"[2] ~ " Emissions (kg)"),  # Fix CO₂ subscript
    fill = "Emission Source"
  ) +
  theme(
    legend.position = "top",  # Place legend at the top
    legend.justification = "center"  # Center-align the legend
  )
} else {
  # Static Stacked Area Plot (ggplot2)
  ggplot(data_emissions_long, aes(x = date, y = Emissions, fill = Source)) +
    geom_area(alpha = 0.6, position = "stack") +  # Stacked area plot
    labs(
      x = "Date",
      y = expression("CO"[2] ~ " Emissions (kg)"),  # Fix CO₂
      fill = "Emission Source"
    ) +
    theme(
      legend.position = "top",
      legend.justification = "center"
    )
}

# For the tables:
data_emissions$total &lt;- data_emissions$Gas + data_emissions$Electricity</code>
          <fig id="fig-emissions-nb-article">
            <caption>
              <p>Figure 3: Monthly CO₂ Emissions from Energy and
    Gas</p>
            </caption>
            <graphic mimetype="image" mime-subtype="png" xlink:href="index_files/figure-jats/fig-emissions-1.png"/>
          </fig>
        </sec>
        <sec id="nb-code-cell-2-nb-article" specific-use="notebook-code">
          <code language="r script">library(dplyr)
library(knitr)

# Ensure 'date' is in Date format
data_emissions$date &lt;- as.Date(data_emissions$date)

# Extract year from date
data_emissions$year &lt;- format(data_emissions$date, "%Y")

# Aggregate emissions per year
yearly_emissions &lt;- data_emissions %&gt;%
  group_by(year) %&gt;%
  summarise(
    `Gas emissions (kg CO₂)` = sum(Gas, na.rm = TRUE),
    `Electricity emissions (kg CO₂)` = sum(Electricity, na.rm = TRUE),
    `Total emissions (kg CO₂)` = sum(total, na.rm = TRUE)
  )

# Display the table in Quarto
kable(yearly_emissions, format = "html", digits = 2, align = "c")</code>
          <table-wrap>
            <table>
              <thead>
                <tr>
                  <th align="center">year</th>
                  <th align="center">Gas emissions (kg CO₂)</th>
                  <th align="center">Electricity emissions (kg CO₂)</th>
                  <th align="center">Total emissions (kg CO₂)</th>
                </tr>
              </thead>
              <tbody>
                <tr>
                  <td align="center">2022</td>
                  <td align="center">1279.82</td>
                  <td align="center">721.12</td>
                  <td align="center">2000.94</td>
                </tr>
                <tr>
                  <td align="center">2023</td>
                  <td align="center">1361.70</td>
                  <td align="center">551.89</td>
                  <td align="center">1913.59</td>
                </tr>
                <tr>
                  <td align="center">2024</td>
                  <td align="center">970.99</td>
                  <td align="center">452.84</td>
                  <td align="center">1423.83</td>
                </tr>
              </tbody>
            </table>
          </table-wrap>
        </sec>
        <p>Details</p>
        <sec id="tbl-emissions-nb-article" specific-use="notebook-code">
          <code language="r script"># Output table
knitr::kable(data_emissions, format = "html")</code>
          <table-wrap>
            <table>
              <thead>
                <tr>
                  <th align="left">date</th>
                  <th align="right">Electricity</th>
                  <th align="right">Gas</th>
                  <th align="right">total</th>
                  <th align="left">year</th>
                </tr>
              </thead>
              <tbody>
                <tr>
                  <td align="left">2024-11-01</td>
                  <td align="right">68.62542</td>
                  <td align="right">154.682</td>
                  <td align="right">223.30742</td>
                  <td align="left">2024</td>
                </tr>
                <tr>
                  <td align="left">2024-10-01</td>
                  <td align="right">48.07719</td>
                  <td align="right">60.164</td>
                  <td align="right">108.24119</td>
                  <td align="left">2024</td>
                </tr>
                <tr>
                  <td align="left">2024-09-01</td>
                  <td align="right">30.03240</td>
                  <td align="right">14.596</td>
                  <td align="right">44.62840</td>
                  <td align="left">2024</td>
                </tr>
                <tr>
                  <td align="left">2024-08-01</td>
                  <td align="right">23.54670</td>
                  <td align="right">14.418</td>
                  <td align="right">37.96470</td>
                  <td align="left">2024</td>
                </tr>
                <tr>
                  <td align="left">2024-07-01</td>
                  <td align="right">18.37869</td>
                  <td align="right">16.376</td>
                  <td align="right">34.75469</td>
                  <td align="left">2024</td>
                </tr>
                <tr>
                  <td align="left">2024-06-01</td>
                  <td align="right">23.69920</td>
                  <td align="right">17.266</td>
                  <td align="right">40.96520</td>
                  <td align="left">2024</td>
                </tr>
                <tr>
                  <td align="left">2024-05-01</td>
                  <td align="right">31.56969</td>
                  <td align="right">14.062</td>
                  <td align="right">45.63169</td>
                  <td align="left">2024</td>
                </tr>
                <tr>
                  <td align="left">2024-04-01</td>
                  <td align="right">29.12778</td>
                  <td align="right">76.184</td>
                  <td align="right">105.31178</td>
                  <td align="left">2024</td>
                </tr>
                <tr>
                  <td align="left">2024-03-01</td>
                  <td align="right">40.34709</td>
                  <td align="right">108.402</td>
                  <td align="right">148.74909</td>
                  <td align="left">2024</td>
                </tr>
                <tr>
                  <td align="left">2024-02-01</td>
                  <td align="right">63.42028</td>
                  <td align="right">206.480</td>
                  <td align="right">269.90028</td>
                  <td align="left">2024</td>
                </tr>
                <tr>
                  <td align="left">2024-01-01</td>
                  <td align="right">76.01712</td>
                  <td align="right">288.360</td>
                  <td align="right">364.37712</td>
                  <td align="left">2024</td>
                </tr>
                <tr>
                  <td align="left">2023-12-01</td>
                  <td align="right">65.73720</td>
                  <td align="right">256.320</td>
                  <td align="right">322.05720</td>
                  <td align="left">2023</td>
                </tr>
                <tr>
                  <td align="left">2023-11-01</td>
                  <td align="right">51.36404</td>
                  <td align="right">72.980</td>
                  <td align="right">124.34404</td>
                  <td align="left">2023</td>
                </tr>
                <tr>
                  <td align="left">2023-10-01</td>
                  <td align="right">34.19300</td>
                  <td align="right">24.920</td>
                  <td align="right">59.11300</td>
                  <td align="left">2023</td>
                </tr>
                <tr>
                  <td align="left">2023-09-01</td>
                  <td align="right">20.16000</td>
                  <td align="right">12.460</td>
                  <td align="right">32.62000</td>
                  <td align="left">2023</td>
                </tr>
                <tr>
                  <td align="left">2023-08-01</td>
                  <td align="right">14.96307</td>
                  <td align="right">17.800</td>
                  <td align="right">32.76307</td>
                  <td align="left">2023</td>
                </tr>
                <tr>
                  <td align="left">2023-07-01</td>
                  <td align="right">26.62884</td>
                  <td align="right">30.260</td>
                  <td align="right">56.88884</td>
                  <td align="left">2023</td>
                </tr>
                <tr>
                  <td align="left">2023-06-01</td>
                  <td align="right">22.32100</td>
                  <td align="right">35.600</td>
                  <td align="right">57.92100</td>
                  <td align="left">2023</td>
                </tr>
                <tr>
                  <td align="left">2023-05-01</td>
                  <td align="right">27.99544</td>
                  <td align="right">58.740</td>
                  <td align="right">86.73544</td>
                  <td align="left">2023</td>
                </tr>
                <tr>
                  <td align="left">2023-04-01</td>
                  <td align="right">48.38694</td>
                  <td align="right">137.060</td>
                  <td align="right">185.44694</td>
                  <td align="left">2023</td>
                </tr>
                <tr>
                  <td align="left">2023-03-01</td>
                  <td align="right">68.77440</td>
                  <td align="right">220.720</td>
                  <td align="right">289.49440</td>
                  <td align="left">2023</td>
                </tr>
                <tr>
                  <td align="left">2023-02-01</td>
                  <td align="right">85.97480</td>
                  <td align="right">206.480</td>
                  <td align="right">292.45480</td>
                  <td align="left">2023</td>
                </tr>
                <tr>
                  <td align="left">2023-01-01</td>
                  <td align="right">85.39542</td>
                  <td align="right">288.360</td>
                  <td align="right">373.75542</td>
                  <td align="left">2023</td>
                </tr>
                <tr>
                  <td align="left">2022-12-01</td>
                  <td align="right">89.38264</td>
                  <td align="right">231.400</td>
                  <td align="right">320.78264</td>
                  <td align="left">2022</td>
                </tr>
                <tr>
                  <td align="left">2022-11-01</td>
                  <td align="right">58.34738</td>
                  <td align="right">72.980</td>
                  <td align="right">131.32738</td>
                  <td align="left">2022</td>
                </tr>
                <tr>
                  <td align="left">2022-10-01</td>
                  <td align="right">67.56115</td>
                  <td align="right">42.720</td>
                  <td align="right">110.28115</td>
                  <td align="left">2022</td>
                </tr>
                <tr>
                  <td align="left">2022-09-01</td>
                  <td align="right">60.91374</td>
                  <td align="right">35.600</td>
                  <td align="right">96.51374</td>
                  <td align="left">2022</td>
                </tr>
                <tr>
                  <td align="left">2022-08-01</td>
                  <td align="right">48.43504</td>
                  <td align="right">21.360</td>
                  <td align="right">69.79504</td>
                  <td align="left">2022</td>
                </tr>
                <tr>
                  <td align="left">2022-07-01</td>
                  <td align="right">37.03166</td>
                  <td align="right">30.260</td>
                  <td align="right">67.29166</td>
                  <td align="left">2022</td>
                </tr>
                <tr>
                  <td align="left">2022-06-01</td>
                  <td align="right">42.82070</td>
                  <td align="right">42.720</td>
                  <td align="right">85.54070</td>
                  <td align="left">2022</td>
                </tr>
                <tr>
                  <td align="left">2022-05-01</td>
                  <td align="right">32.15056</td>
                  <td align="right">60.520</td>
                  <td align="right">92.67056</td>
                  <td align="left">2022</td>
                </tr>
                <tr>
                  <td align="left">2022-04-01</td>
                  <td align="right">42.86040</td>
                  <td align="right">115.700</td>
                  <td align="right">158.56040</td>
                  <td align="left">2022</td>
                </tr>
                <tr>
                  <td align="left">2022-03-01</td>
                  <td align="right">66.65775</td>
                  <td align="right">151.300</td>
                  <td align="right">217.95775</td>
                  <td align="left">2022</td>
                </tr>
                <tr>
                  <td align="left">2022-02-01</td>
                  <td align="right">66.27718</td>
                  <td align="right">224.280</td>
                  <td align="right">290.55718</td>
                  <td align="left">2022</td>
                </tr>
                <tr>
                  <td align="left">2022-01-01</td>
                  <td align="right">108.68562</td>
                  <td align="right">250.980</td>
                  <td align="right">359.66562</td>
                  <td align="left">2022</td>
                </tr>
              </tbody>
            </table>
          </table-wrap>
        </sec>
        <p>If real estate occupancy rate, area or any other measure is known,
  calculating the carbon footprint per person, workspace or area is
  trivial.</p>
      </sec>
      <sec id="concerns-nb-article">
        <title>Concerns</title>
        <p>Clearly, the current calculations only accounts for the direct
  emissions caused by burning gas, or from producing electricity. (scope
  1&amp;2 emissions). Producing and transporting gas and electricity
  also has a significant impact on the environment.</p>
        <p>Furthermore, solar panels return electricity into the grid. How
  should they be accounted for?</p>
        <sec id="nb-code-cell-3-nb-article" specific-use="notebook-code">
          <code language="r script">#Weather data

#The Royal Netherlands Meteorological Institute (KNMI) has a weather station located within 15km of my location. Their [datasets](https://www.knmi.nl/nederland-nu/klimatologie/daggegevens) are publicly available, and they have an open #[API endpoint](https://www.knmi.nl/kennis-en-datacentrum/achtergrond/data-ophalen-vanuit-een-script), where we can collect local temperatures and sunhours.</code>
        </sec>
      </sec>
    </body>
    <back>
</back>
  </sub-article>
</article>
